CustomerID,Name,TotalRevenue,TotalOrders,AvgOrderValue
598,"Debbie Jefferson",997.24,1,997.24
157,"Brenda Wright",996.04,2,498.02
346,"Paul Dixon",995.57,3,331.86
782,"Samuel Williams",993.37,2,496.69
477,"David Brown",992.59,2,496.30
894,"Scott Williams",991.21,2,495.61
955,"Dennis Fitzpatrick",990.54,1,990.54
265,"Daniel Ramirez",989.08,1,989.08
652,"Heather Mccall",987.58,1,987.58
389,"Duane Perry",986.88,2,493.44
174,"Austin Rowe",986.64,2,493.32
802,"Andrew Monroe",985.77,2,492.89
929,"Hannah Miller",983.23,3,327.74
514,"Christopher Baker",982.27,3,327.42
622,"Michael Baker",980.67,2,490.34
466,"Debra Santiago",98.07,1,98.07
826,"Sara Schmidt",977.19,2,488.60
788,"Thomas Beasley",975.12,3,325.04
9,"Victoria Fowler",974.62,2,487.31
564,"Kimberly Burgess",972.03,3,324.01
76,"Andrew Horton",971.02,2,485.51
32,"Lisa Nguyen",970.00,2,485.00
926,"Amanda Powell",966.66,1,966.66
567,"Zachary Hicks",965.18,1,965.18
12,"Tony Gross",962.71,1,962.71
787,"Michael Patterson",962.55,2,481.28
280,"Michael Hull",961.02,3,320.34
803,"Courtney Galloway",960.87,2,480.44
949,"Andrea Ruiz",960.21,1,960.21
262,"Toni Scott",958.23,1,958.23
928,"Rhonda Lopez",957.23,1,957.23
88,"Elizabeth Lucas",957.20,3,319.07
373,"Jennifer Palmer",956.42,1,956.42
646,"Jeremy Mueller",955.82,2,477.91
175,"Tina Gilmore",953.98,1,953.98
576,"Christopher Nelson",953.69,1,953.69
464,"Teresa Carpenter",953.36,1,953.36
452,"Jason Summers",952.67,1,952.67
696,"Mark Carter",950.96,1,950.96
862,"Kristin Hess",95.95,1,95.95
82,"Melissa Riley",949.42,1,949.42
416,"Shannon Clark",949.17,3,316.39
767,"Charlotte Haynes",945.94,2,472.97
608,"Jeffery Andersen",941.48,2,470.74
271,"Mitchell Smith",941.23,2,470.62
43,"Frank Orr",940.73,3,313.58
675,"Kathryn Jones",939.99,1,939.99
634,"Steven Ward",939.72,2,469.86
21,"Susan Black",939.39,1,939.39
715,"Julie White",937.39,2,468.70
156,"Paul Shepherd",934.34,3,311.45
422,"Sheila Woods",931.61,2,465.81
91,"Dawn Baker",931.20,2,465.60
558,"George Johnson",930.49,3,310.16
912,"Monica Steele",93.61,1,93.61
747,"Allison Morgan",929.74,2,464.87
318,"Robert Waller",924.50,1,924.50
33,"Kevin Ford",920.92,2,460.46
985,"Alicia Cruz",919.91,2,459.96
235,"Lisa Hurst",918.17,1,918.17
954,"Cassandra Maynard",916.88,2,458.44
707,"William Allen",912.18,1,912.18
755,"Becky Smith",910.85,2,455.43
11,"Zachary Smith",903.53,3,301.18
117,"Tyrone Hicks",901.59,1,901.59
771,"Savannah Delgado",900.98,2,450.49
892,"Daniel Edwards",89.01,1,89.01
107,"James Rodriguez",889.04,2,444.52
352,"Lisa Wood",887.42,2,443.71
725,"Logan Cobb",880.96,1,880.96
759,"William Koch",879.16,1,879.16
685,"Shawn Mckee",878.55,2,439.28
45,"Laura Shannon",875.76,2,437.88
336,"Samantha Smith",872.12,2,436.06
238,"Nicole Russell",871.29,1,871.29
150,"Julia Turner",868.53,2,434.27
588,"Pamela House",867.47,2,433.74
239,"James Davidson",867.37,1,867.37
86,"Andrew Pham",866.23,1,866.23
615,"Katie Flores",865.82,2,432.91
578,"Matthew Stewart",865.42,1,865.42
13,"Kyle Yang",864.68,1,864.68
936,"Cesar Jones",863.81,2,431.91
717,"James Williams",863.58,1,863.58
848,"Michael Lee",862.24,1,862.24
103,"Carrie Nunez",857.35,3,285.78
746,"Jennifer Duran",855.04,1,855.04
993,"Kyle Kennedy",854.74,2,427.37
425,"Felicia Rodriguez",854.39,2,427.20
834,"Ronald Wilson",848.47,1,848.47
693,"Joseph Evans",846.54,1,846.54
432,"Anthony Wade",846.06,3,282.02
898,"Alicia Davis",846.05,3,282.02
154,"Joseph Jennings",845.55,1,845.55
470,"Robert Brown",844.36,1,844.36
351,"Julia Harrison",84.22,1,84.22
398,"Daniel Wiggins",838.16,1,838.16
859,"Wanda Jennings",835.95,2,417.98
198,"Nicole Cunningham",835.79,1,835.79
272,"Rhonda Wells",835.13,2,417.57
214,"Stephen Bonilla",834.98,2,417.49
606,"Travis Williams",834.52,1,834.52
866,"Patricia Davis",833.41,2,416.71
950,"Robert Hammond",827.31,1,827.31
350,"Monica Williams",823.86,2,411.93
596,"Kimberly Sawyer",819.30,1,819.30
623,"Joseph Brown",818.86,1,818.86
291,"Frederick Patton",817.99,3,272.66
776,"Jennifer Hernandez",815.99,1,815.99
844,"Crystal Donaldson",814.18,3,271.39
177,"Alejandro Green",80.28,1,80.28
791,"Jodi Dominguez",799.46,1,799.46
36,"Crystal Hoffman",799.19,2,399.60
289,"Andrew Turner",787.37,3,262.46
644,"Michael Hernandez",785.54,2,392.77
27,"Karen Graham DDS",78.30,1,78.30
930,"Patrick Hunt",779.40,2,389.70
491,"Emily Johnson",771.33,3,257.11
565,"Jose Yates",768.31,3,256.10
964,"Emily Cantu",766.62,2,383.31
873,"Christine Harris",761.40,1,761.40
534,"John Mccormick",760.95,1,760.95
410,"Rhonda Walker",755.73,1,755.73
546,"Lisa Juarez",752.89,1,752.89
548,"Aaron Vance",750.22,2,375.11
809,"Phillip Johnson",747.15,1,747.15
304,"Laura Smith",743.00,2,371.50
947,"Taylor Grant",742.77,2,371.39
511,"Jacob Davis",739.78,3,246.59
186,"Michael Shaw",735.62,3,245.21
446,"Sandra Cooper",734.33,1,734.33
7,"Dr. Paula Perry",734.14,2,367.07
402,"Destiny Fernandez",732.59,1,732.59
587,"Elizabeth Owen",732.46,1,732.46
340,"Carolyn Keller",731.19,2,365.60
147,"Frederick Guzman",729.75,2,364.88
136,"Mark Hendricks",728.31,1,728.31
772,"Willie Graham",727.85,3,242.62
128,"Derek Kelly",727.69,2,363.85
438,"Robert Williams",725.86,1,725.86
427,"Mariah Mitchell",720.95,3,240.32
580,"Dawn Dennis",714.57,2,357.29
906,"Lori Scott",713.77,2,356.89
654,"Aaron Smith",71.99,1,71.99
828,"Jocelyn Myers",704.20,1,704.20
957,"Jamie Palmer",704.05,2,352.03
656,"Andrew Taylor",703.40,1,703.40
459,"Debbie Evans",699.20,2,349.60
237,"Troy Banks",698.43,2,349.22
510,"Lawrence Hernandez",697.83,1,697.83
132,"Nicholas Sanders",696.54,1,696.54
145,"Ricky Gonzalez",695.15,1,695.15
551,"Toni Long",694.10,2,347.05
465,"Kathy Leach",692.19,3,230.73
916,"Katie Young",691.97,1,691.97
583,"Sara Mendoza",691.32,1,691.32
240,"Michael Sullivan",687.86,2,343.93
316,"Kyle Davidson",684.89,1,684.89
369,"Jennifer Bryant",68.18,1,68.18
46,"Carla Cook",678.87,1,678.87
434,"Mallory Faulkner",677.60,1,677.60
124,"Garrett Wright",675.11,1,675.11
324,"Trevor Gordon",671.81,1,671.81
545,"Christopher Ashley",671.22,1,671.22
897,"Carla Hess",67.08,1,67.08
170,"Kathryn Hunt",669.77,1,669.77
356,"James Little",666.65,2,333.33
209,"Michael Lamb",666.55,2,333.28
518,"Mrs. Danielle Chandler",664.94,1,664.94
530,"Rebecca Payne",663.66,1,663.66
381,"Jeffrey Williams",660.07,1,660.07
541,"Mark Rodriguez",657.60,2,328.80
666,"Matthew Dickson",656.68,1,656.68
97,"Jennifer Weaver DVM",653.86,2,326.93
482,"Keith Smith",652.90,1,652.90
982,"Luke Mckinney",650.55,2,325.28
23,"Jessica Byrd",65.43,1,65.43
224,"Jennifer Jackson",649.92,1,649.92
814,"Mia Richardson",647.95,2,323.98
825,"Jade Manning",644.80,2,322.40
412,"Crystal Porter",643.98,1,643.98
594,"Ricardo Wolfe",642.10,1,642.10
649,"Thomas Thomas",640.82,1,640.82
387,"Christine Bryant",640.51,2,320.26
661,"Cheryl Nichols",639.51,1,639.51
736,"Jeffrey Wilson",638.12,2,319.06
973,"Sheila Martin",631.44,1,631.44
581,"Sylvia Lee",629.88,1,629.88
619,"Laura Williams",627.97,1,627.97
585,"Victor Davis",627.75,1,627.75
684,"Michael Fitzgerald",623.18,2,311.59
415,"Stephanie Richmond",62.42,1,62.42
295,"Christopher Brooks",618.60,1,618.60
927,"Denise Smith",617.46,1,617.46
25,"Shari King",612.49,1,612.49
960,"Heather Anderson",612.39,2,306.20
951,"Gregory Anderson",612.31,1,612.31
698,"Jacqueline Rodriguez",611.73,1,611.73
171,"Jennifer Miller",611.61,1,611.61
38,"Jacob Brown",609.42,1,609.42
669,"Eric Morrison",608.08,1,608.08
977,"Robert Rivera",606.56,2,303.28
455,"William Vasquez",604.89,2,302.45
6,"Tracy Whitaker",603.78,1,603.78
775,"Carlos Austin",599.01,2,299.51
431,"Donald Tucker",597.76,3,199.25
903,"Robert Holmes",596.14,1,596.14
335,"Robert Harmon",590.50,1,590.50
639,"Wayne Matthews",587.37,1,587.37
555,"Sharon Santana",582.77,2,291.39
89,"Chad Snyder",578.49,1,578.49
694,"Kenneth Leon",576.82,1,576.82
164,"Jessica Maddox",575.97,1,575.97
840,"Sierra Taylor",575.85,1,575.85
579,"James Stafford",575.52,2,287.76
522,"Kari Trevino",571.70,2,285.85
527,"Michelle Morales",570.99,2,285.50
79,"Christopher Schultz",568.96,1,568.96
348,"Gregory Adams",568.88,1,568.88
188,"Crystal Sanchez",567.97,1,567.97
908,"Kayla Santana",566.59,1,566.59
683,"Adrian Martin",562.15,1,562.15
116,"Denise Edwards",555.34,2,277.67
700,"James Choi",553.48,2,276.74
869,"Robert Turner",551.28,1,551.28
190,"Philip Carter",544.33,1,544.33
687,"Kimberly Nelson",543.93,1,543.93
169,"Alice Carpenter",537.88,3,179.29
451,"Michael Garcia",535.41,2,267.71
492,"Jeremy Wilson",534.95,1,534.95
568,"Danielle Parker",530.08,1,530.08
554,"Michael Clark",524.72,2,262.36
344,"Brian Keller",524.24,1,524.24
515,"Angela Martin DVM",519.51,1,519.51
420,"Morgan Paul",519.20,1,519.20
513,"Ryan Warren",512.30,1,512.30
724,"Amy Perez",511.36,1,511.36
651,"Suzanne Sanchez",511.35,1,511.35
121,"Elizabeth Ware",510.18,1,510.18
308,"Lisa Higgins",509.34,1,509.34
263,"Christopher Walls",509.31,2,254.66
310,"Charles Wilson",507.73,1,507.73
149,"Brittney Wade",503.83,2,251.92
748,"Mr. Daryl Lopez",502.94,1,502.94
846,"Alicia Mcintyre",501.27,1,501.27
820,"Alicia Riley",500.92,1,500.92
67,"Melanie Martin",500.20,2,250.10
225,"Allison Rodriguez",50.68,1,50.68
80,"James Brock",499.18,2,249.59
248,"Lori Chang",492.10,2,246.05
5,"Mercedes Riley",485.96,1,485.96
562,"Mrs. Shelby Harris MD",481.36,2,240.68
864,"Erin Howard",47.25,1,47.25
395,"Raymond Lee",47.00,1,47.00
812,"Spencer Hill",467.41,1,467.41
933,"Charles Hernandez",467.19,1,467.19
472,"Brian Suarez",466.46,1,466.46
99,"Fernando Hendrix",464.97,2,232.49
109,"John Turner",462.24,1,462.24
203,"Anthony Gonzalez",456.92,1,456.92
627,"Maria Stout",454.18,1,454.18
621,"Isabel Taylor",453.77,2,226.89
187,"Kayla Myers",44.56,1,44.56
887,"Loretta Hughes",439.62,1,439.62
838,"James Russo",438.13,1,438.13
839,"Richard Shields",433.44,1,433.44
658,"Kathryn Thomas",423.95,1,423.95
327,"Corey Snyder",42.75,1,42.75
642,"April Sullivan",410.09,1,410.09
39,"Wendy Cortez",400.30,2,200.15
590,"Michael Hughes",40.84,1,40.84
757,"Julie Robinson","4,698.87",8,587.36
29,"Julia Brown","4,455.40",7,636.49
108,"Anthony Ramos","4,180.90",10,418.09
566,"Linda Mcpherson","4,102.86",7,586.12
153,"Jessica Powell",391.54,2,195.77
500,"James Morales",388.29,2,194.15
355,"Allison Madden",387.18,2,193.59
734,"Jennifer Hernandez",382.87,1,382.87
75,"Corey Mccarthy",382.23,2,191.12
134,"Jennifer Lopez",381.10,1,381.10
241,"Lisa Watson",379.28,1,379.28
882,"Jacqueline Campbell",378.66,1,378.66
302,"Beverly Skinner",378.48,1,378.48
371,"Erin Flores",372.22,1,372.22
645,"Anthony Lopez",368.88,2,184.44
963,"Robin Anderson",366.89,2,183.45
215,"Adam Lopez",366.64,1,366.64
129,"Carl Hinton",365.98,1,365.98
429,"Sherri Alexander",362.92,1,362.92
713,"Jose Hicks",361.40,1,361.40
991,"Joel Newman",361.02,1,361.02
403,"Katherine Roberson",36.56,1,36.56
983,"Abigail Daniels",359.96,1,359.96
902,"Tammy Clark",358.37,1,358.37
330,"Margaret Arias",357.66,1,357.66
728,"Katelyn Weaver",352.76,1,352.76
384,"Sara Griffith",350.32,1,350.32
665,"William Lopez",348.22,1,348.22
357,"Cindy Petty",348.11,1,348.11
962,"Thomas Jones",347.69,1,347.69
210,"Brittany Aguirre",346.95,2,173.48
392,"Christopher Flores",340.81,2,170.41
277,"Jeffrey Fields",340.69,1,340.69
441,"Jeffrey Bell",334.14,2,167.07
920,"Paige Miller",331.42,1,331.42
533,"Jennifer Key",330.94,1,330.94
364,"Rodney Thomas",33.01,1,33.01
313,"Luis Parker",321.62,1,321.62
714,"Kimberly Rivera",321.60,1,321.60
435,"Raymond Smith",320.12,2,160.06
52,"Erik Fleming MD",319.67,2,159.84
716,"Tammy Moore",317.55,1,317.55
93,"Rebecca Scott",315.81,1,315.81
44,"Glenn Conner",315.50,1,315.50
126,"Christine Horne",306.94,2,153.47
784,"Pamela Shelton","3,981.43",7,568.78
742,"Amy Cook","3,928.45",6,654.74
359,"Daniel Mason","3,798.65",5,759.73
68,"Ruth Shields","3,734.97",5,746.99
529,"Mrs. Jessica Wilson","3,673.14",5,734.63
282,"Amanda Watts","3,661.42",7,523.06
158,"Sarah Hood","3,654.80",6,609.13
966,"Matthew Brooks","3,646.96",5,729.39
90,"Kristin Alexander","3,642.39",7,520.34
193,"Dominique Brown","3,625.70",7,517.96
426,"Susan Taylor","3,625.62",5,725.12
997,"Melissa Brown","3,581.57",6,596.93
317,"James Fletcher","3,488.43",6,581.41
178,"Leah Griffin","3,476.44",4,869.11
49,"Jasmin Patel","3,457.27",7,493.90
213,"Joseph Clark","3,455.74",6,575.96
854,"Jasmine Nguyen","3,433.00",4,858.25
560,"Michael Campbell","3,406.24",6,567.71
662,"Jennifer Olsen","3,393.63",7,484.80
727,"Johnny Parker","3,268.66",7,466.95
259,"Tamara Hamilton","3,256.19",5,651.24
958,"Rick Alexander","3,254.83",5,650.97
236,"Justin Wilkinson","3,226.47",4,806.62
922,"Mrs. Mary Johnson","3,212.75",4,803.19
315,"Mary Moore","3,210.38",6,535.06
638,"Jose Brown","3,205.96",5,641.19
972,"Robert Vazquez","3,160.00",5,632.00
968,"Darlene Mcintosh","3,159.21",6,526.54
610,"Andrew Holloway","3,136.13",5,627.23
653,"Melanie Stewart","3,135.38",5,627.08
260,"Sarah Barnes","3,104.39",5,620.88
194,"Nicholas Miller","3,067.92",6,511.32
155,"Lisa Martinez","3,063.68",5,612.74
386,"Charles Elliott","3,061.48",4,765.37
250,"Michelle Lucas","3,039.64",4,759.91
475,"Michael Little","3,035.28",5,607.06
184,"Debra Evans","3,026.24",5,605.25
925,"Erin Peters",292.26,1,292.26
493,"Maria Soto",29.18,1,29.18
856,"Charles Sanchez",282.98,1,282.98
319,"Yesenia Martinez",282.13,1,282.13
944,"Sarah Williams",281.70,1,281.70
219,"Kristen Fry",281.54,1,281.54
582,"Tyler King",281.16,1,281.16
524,"Angelica Morris",280.91,2,140.46
990,"Robert Fisher",28.90,1,28.90
604,"Jessica Gordon",276.78,1,276.78
98,"Tyler Garrett",275.24,1,275.24
424,"Rebecca Pope",271.82,1,271.82
414,"Sergio Gonzales",267.26,1,267.26
268,"Dana Williams",265.02,1,265.02
871,"Brian Johnson",262.05,1,262.05
399,"Shirley Rios",262.04,2,131.02
125,"Tiffany Turner",26.83,1,26.83
179,"Mrs. Sheila Taylor",236.54,1,236.54
703,"Carlos Newman",234.92,1,234.92
994,"Robert Beck",23.28,1,23.28
701,"Emma Moore",227.13,1,227.13
552,"Julie Todd",224.72,2,112.36
457,"Kim Garcia",221.32,1,221.32
494,"Michael Garrison",22.44,1,22.44
938,"Donna Cummings",219.65,2,109.83
741,"Dr. John George",201.55,1,201.55
763,"David Randall",20.65,1,20.65
831,"Michelle Becker","2,998.03",4,749.51
744,"Dr. Tim Cisneros","2,987.45",5,597.49
792,"Michael Harper","2,974.02",4,743.51
948,"William Jenkins","2,947.40",7,421.06
243,"Christine Gonzalez","2,935.04",5,587.01
293,"Michelle Maddox","2,911.13",3,970.38
829,"Michele Schmidt","2,898.32",5,579.66
245,"Danielle Welch","2,887.71",5,577.54
818,"Pamela Brown","2,875.66",4,718.92
872,"Hector Davis","2,834.92",4,708.73
525,"Jeffrey Moody","2,824.42",5,564.88
444,"Melissa Greene","2,802.36",4,700.59
495,"Linda Riley","2,797.25",5,559.45
749,"Michelle Malone","2,795.58",5,559.12
842,"William Blankenship","2,790.44",4,697.61
889,"Dylan Le","2,774.49",4,693.62
672,"Vincent Williams","2,745.03",4,686.26
874,"Michael Coleman","2,743.17",4,685.79
138,"Nathaniel Martin","2,741.86",5,548.37
798,"Paul Hudson","2,734.24",6,455.71
180,"Kristi Sexton","2,724.59",5,544.92
750,"Jeanette Reed","2,720.62",5,544.12
571,"Nancy Castro","2,716.25",5,543.25
74,"Matthew Werner","2,714.12",3,904.71
835,"Angela Lopez","2,703.52",3,901.17
819,"Sara Williams","2,697.89",5,539.58
64,"Daniel Johnson","2,686.82",4,671.71
531,"Carolyn Reed","2,685.47",6,447.58
24,"Robert Gonzales","2,674.00",6,445.67
890,"David Ortiz","2,656.22",4,664.06
941,"Michaela Pratt","2,639.95",4,659.99
999,"Laura Griffin","2,632.64",4,658.16
863,"Jessica Kennedy","2,619.71",3,873.24
544,"Robert Flores","2,608.50",4,652.13
423,"Ryan Lopez","2,605.53",4,651.38
805,"Jason Potts","2,602.44",6,433.74
569,"Robert Sutton","2,600.30",5,520.06
162,"Ashley Krueger","2,594.99",3,865.00
586,"Richard Nunez","2,586.46",4,646.62
292,"Amber Bailey","2,580.34",4,645.09
917,"Cody Bowman","2,574.56",4,643.64
345,"Anna Bryant","2,566.63",3,855.54
204,"Clinton Holland","2,566.13",4,641.53
981,"Jason Roach","2,562.76",5,512.55
100,"Tracy Sharp MD","2,559.63",5,511.93
726,"Andrew Riddle","2,557.32",4,639.33
978,"Joseph Mills","2,555.00",5,511.00
796,"Michael Harris","2,550.20",5,510.04
699,"Roger Brown","2,539.14",3,846.38
986,"Ann Schaefer","2,535.55",4,633.89
620,"James Ewing","2,505.58",4,626.40
206,"Anna Wells","2,501.72",6,416.95
26,"Brandon Brown","2,499.65",4,624.91
690,"James Smith","2,497.51",5,499.50
354,"Thomas Ramirez","2,494.64",3,831.55
305,"Zachary Thompson","2,480.61",5,496.12
450,"Christopher Olson","2,470.33",4,617.58
575,"Linda Lawson","2,465.68",5,493.14
899,"Jeremiah Thomas","2,454.64",6,409.11
975,"Rhonda Jones","2,450.71",5,490.14
609,"Jeremy Mahoney","2,449.24",4,612.31
122,"Miss Amanda Williams","2,441.96",3,813.99
242,"Adrienne Carrillo","2,415.37",3,805.12
218,"Samantha Odonnell","2,413.50",3,804.50
667,"Rebekah Carter","2,404.69",4,601.17
328,"Paul Garza","2,399.67",3,799.89
48,"Gregory Powell","2,399.33",3,799.78
516,"Jennifer Gregory","2,391.91",4,597.98
234,"David Taylor","2,391.60",5,478.32
676,"Veronica Sparks","2,386.94",5,477.39
867,"Jennifer Velasquez","2,383.20",4,595.80
300,"Richard Thomas","2,375.56",6,395.93
878,"Christine Watson","2,373.34",3,791.11
71,"Margaret Scott","2,373.27",3,791.09
85,"Richard Day","2,370.13",4,592.53
595,"Gwendolyn Bradley","2,356.17",6,392.70
538,"Nicholas Knight","2,343.26",5,468.65
362,"Lisa Mcintyre","2,336.00",5,467.20
945,"Lisa Murphy","2,332.32",5,466.46
769,"Mrs. Lisa Griffith","2,329.66",3,776.55
333,"Alexandra Bradley","2,318.48",4,579.62
939,"Jeffrey Roberts","2,314.35",4,578.59
626,"Michael Jackson","2,313.73",3,771.24
563,"Jose Rice","2,313.63",4,578.41
211,"Darrell Andrews","2,302.57",4,575.64
57,"Jeffrey Davis","2,299.39",3,766.46
258,"Mrs. Samantha Walker","2,296.55",5,459.31
979,"Christopher Smith","2,283.11",4,570.78
66,"Kelsey Holder","2,277.67",5,455.53
37,"James Hernandez","2,273.20",4,568.30
314,"Deborah Pacheco","2,268.11",4,567.03
144,"Veronica Morris","2,267.91",3,755.97
338,"Brandi Romero","2,265.83",3,755.28
4,"Jason Jones","2,260.78",5,452.16
309,"Kimberly Johnson","2,258.76",4,564.69
883,"Glenn Grant","2,258.58",3,752.86
396,"Mrs. Jessica Brown","2,258.10",4,564.53
827,"Steven Garcia","2,243.85",4,560.96
374,"Colleen Davila","2,242.05",3,747.35
199,"Miss Jane Johnson","2,238.49",3,746.16
503,"Stefanie Valenzuela","2,235.80",4,558.95
851,"John Rowland","2,231.99",3,744.00
946,"Robert Bradley","2,229.64",4,557.41
363,"Trevor Martinez","2,220.58",3,740.19
668,"Lisa Chase","2,215.95",3,738.65
781,"Lisa Snow","2,200.08",3,733.36
584,"Paula Erickson","2,196.49",4,549.12
223,"Krystal Gregory","2,196.33",3,732.11
34,"Kyle Rose","2,191.68",4,547.92
907,"Richard Hamilton","2,186.82",5,437.36
449,"John Wells","2,176.39",3,725.46
222,"Christopher Mcgrath","2,175.66",4,543.92
822,"Alejandro Miller","2,174.95",3,724.98
504,"Jeffrey Cooley","2,166.13",4,541.53
298,"Ryan Sims","2,159.07",5,431.81
745,"Tracey Medina","2,153.94",3,717.98
989,"John Taylor","2,128.08",3,709.36
879,"Jeffrey Mendoza","2,124.63",3,708.21
483,"John Bauer","2,120.69",5,424.14
325,"Jessica Reilly","2,120.12",4,530.03
168,"Harry Arnold","2,120.05",4,530.01
433,"Jennifer Garcia","2,103.22",3,701.07
572,"Shannon Perez","2,103.06",3,701.02
62,"Kelly Floyd","2,098.14",5,419.63
92,"Caroline Ward","2,096.78",3,698.93
22,"Bethany Weaver","2,095.63",3,698.54
577,"Donald Tran","2,071.25",4,517.81
254,"Melissa Jenkins","2,065.48",3,688.49
372,"Robin Stephens","2,061.72",3,687.24
919,"Hunter Mercer","2,059.68",5,411.94
778,"Jason Carson","2,047.64",3,682.55
264,"Bill Pena","2,044.86",3,681.62
970,"Robert Dickson","2,043.08",3,681.03
512,"Jasmine Bates","2,037.31",4,509.33
766,"Thomas Beck","2,036.58",4,509.15
824,"Robert Rodriguez","2,035.60",5,407.12
8,"Sean Lee","2,031.64",3,677.21
708,"Tammy Williams","2,031.41",3,677.14
517,"Christopher Griffith","2,028.85",3,676.28
614,"Tara Doyle","2,026.86",3,675.62
790,"Philip Morris","2,019.27",4,504.82
681,"Kari Miller","2,016.55",3,672.18
35,"Ariel Harris","2,015.74",3,671.91
847,"Brian Russell","2,013.73",4,503.43
876,"Andrea Flores","2,012.41",3,670.80
339,"Vickie Anderson","2,006.79",4,501.70
111,"Tara Franklin","2,001.39",5,400.28
135,"Sharon Hughes","2,000.93",3,666.98
753,"Michael Carter",194.40,1,194.40
96,"Stephanie Henderson",193.10,1,193.10
18,"Cheryl Coleman",192.77,1,192.77
833,"Richard Daugherty",186.99,1,186.99
63,"Kevin Orr",186.88,1,186.88
404,"Crystal Garza",183.98,1,183.98
476,"Adam Riley",182.64,1,182.64
888,"Linda Roman",176.41,1,176.41
360,"Joseph Rivera",172.44,1,172.44
532,"Jason Richard",159.97,1,159.97
636,"Terry Parrish",154.98,2,77.49
760,"Cynthia Waters",149.31,2,74.66
447,"Brian Carter",148.48,1,148.48
53,"Gregory Rose",147.61,1,147.61
850,"Angela Campbell",147.28,1,147.28
143,"Kristin Perez",144.37,1,144.37
777,"Anne Burns",143.57,1,143.57
286,"Sara Travis",141.40,1,141.40
443,"Julie Golden",136.75,1,136.75
498,"Jonathan Page",131.01,1,131.01
189,"Jerry Smith",129.69,1,129.69
537,"Maria Page",125.40,1,125.40
208,"Annette Stephens",125.01,1,125.01
73,"Megan Rogers",124.64,1,124.64
334,"Paula Porter",124.52,1,124.52
141,"Allison Williams",121.30,1,121.30
405,"Lauren Bruce",114.64,2,57.32
485,"Laurie Taylor",112.51,1,112.51
252,"John Hunter",108.90,1,108.90
670,"Timothy Wolfe",103.67,1,103.67
10,"Calvin Mckenzie",100.65,1,100.65
50,"Christopher Baker","1,999.50",4,499.88
101,"Yesenia Cowan","1,999.48",4,499.87
78,"Kyle Jackson","1,997.33",4,499.33
752,"Tricia Santana","1,994.28",3,664.76
394,"Rebecca Frank","1,992.04",4,498.01
664,"Samuel Huff","1,983.89",5,396.78
110,"Pamela Perez","1,983.55",3,661.18
971,"Frank Robles","1,982.56",4,495.64
266,"Robert Mcbride","1,979.94",4,494.99
860,"Samuel Holmes","1,978.65",4,494.66
924,"Cheryl Miles","1,975.50",3,658.50
800,"Julia Brennan","1,970.35",3,656.78
804,"Mrs. Margaret Moore MD","1,970.07",3,656.69
390,"David Jacobson","1,966.67",4,491.67
547,"Charles Collins","1,959.84",3,653.28
738,"Tammie Clark","1,956.75",4,489.19
895,"Brandi Pittman","1,953.78",3,651.26
673,"Jeffrey Williams","1,951.69",5,390.34
967,"Sarah Chavez","1,949.12",4,487.28
542,"Jeffrey Mason","1,945.12",4,486.28
896,"Miss April Reynolds","1,944.86",3,648.29
570,"Chad Townsend","1,942.56",3,647.52
200,"George Hughes","1,939.08",3,646.36
884,"Heather Chavez","1,938.48",4,484.62
905,"Ryan Murray","1,936.17",3,645.39
807,"Nathan Rowe","1,931.68",3,643.89
855,"Timothy Griffith","1,924.28",4,481.07
406,"James Benson","1,923.91",3,641.30
550,"Danielle Sanders","1,919.30",3,639.77
388,"Debra Watkins","1,916.10",3,638.70
918,"Cindy Pratt","1,906.18",4,476.55
229,"Mark Reyes","1,905.49",2,952.75
630,"Melissa Smith","1,903.42",2,951.71
130,"Joe Salinas","1,898.71",3,632.90
501,"Peter Waller","1,890.64",2,945.32
836,"Catherine Walker","1,889.34",3,629.78
285,"Blake Mendoza","1,887.83",3,629.28
641,"Richard Beltran","1,878.46",4,469.62
600,"Sierra Gonzalez","1,868.42",2,934.21
877,"Alison Lee","1,861.79",3,620.60
58,"Brandy Anderson","1,857.39",3,619.13
140,"Angela Allen","1,855.92",4,463.98
14,"Patrick Mcdaniel","1,853.70",3,617.90
528,"Rodney Blackwell","1,852.08",3,617.36
59,"Michelle Murphy","1,850.77",3,616.92
795,"Hannah Wells","1,848.95",3,616.32
761,"Deborah Lewis","1,839.85",3,613.28
269,"Meagan James","1,837.20",4,459.30
768,"Gail Harris","1,836.57",4,459.14
934,"Judith Hill","1,836.04",5,367.21
499,"Daniel Holt","1,831.55",2,915.78
881,"Oscar Carter","1,827.46",2,913.73
539,"William Heath","1,827.22",4,456.81
996,"Wendy Watkins","1,826.40",3,608.80
891,"Alicia Ballard","1,823.28",4,455.82
959,"William Cooper","1,816.25",3,605.42
312,"Dawn Lee","1,815.54",4,453.89
995,"Philip Rodriguez","1,811.49",3,603.83
998,"Sarah Rivera","1,809.09",3,603.03
255,"Kelsey Foley","1,809.02",3,603.01
481,"Kelly Garza","1,807.95",4,451.99
397,"Tiffany Russell","1,804.98",3,601.66
733,"Walter Price","1,795.52",4,448.88
935,"Nicole Randolph","1,791.96",4,447.99
276,"William Mcdaniel","1,790.33",2,895.17
602,"Andrew Mccarthy","1,788.88",3,596.29
484,"Wendy Sanders","1,787.21",3,595.74
843,"Cheryl Cox","1,783.24",3,594.41
227,"Brian Patel","1,768.06",3,589.35
3,"Amber Carter","1,761.74",2,880.87
165,"Charles Alexander","1,758.49",3,586.16
984,"Angel Moody","1,758.20",3,586.07
343,"Jeffrey Price","1,750.93",4,437.73
297,"Shannon Rogers MD","1,739.43",5,347.89
540,"Lucas Cooper","1,731.75",3,577.25
382,"Raymond Hardy","1,724.31",2,862.16
246,"Chelsea Fox","1,723.92",3,574.64
489,"Jordan Villegas","1,719.50",2,859.75
456,"Jacqueline Prince","1,717.34",4,429.34
702,"James Wilson","1,711.94",3,570.65
810,"Tanya Kelley","1,711.88",4,427.97
267,"Margaret Montgomery","1,706.60",2,853.30
692,"Gary Martinez Jr.","1,706.38",2,853.19
900,"Alexa Williams","1,702.31",3,567.44
758,"Danny Owens","1,692.07",3,564.02
368,"Tammy Williams","1,691.11",2,845.56
740,"Melissa Huff","1,679.26",2,839.63
337,"Melissa Rivera","1,669.15",3,556.38
992,"Gabriella Trujillo","1,666.86",4,416.72
505,"Dr. Melissa Hudson DVM","1,662.21",4,415.55
691,"Karl Ellis","1,652.57",4,413.14
195,"Aimee Wilson","1,650.42",3,550.14
383,"Matthew Leon","1,643.36",3,547.79
226,"Edwin Thomas","1,640.76",2,820.38
321,"Brandon Ortiz","1,636.53",5,327.31
647,"Ricky Finley","1,633.18",4,408.30
391,"Paul Williams","1,627.58",4,406.90
151,"Brooke Sutton","1,625.71",2,812.86
952,"Nicholas Garrett","1,617.60",3,539.20
119,"Amber Taylor","1,614.45",3,538.15
468,"Angela Moore","1,612.84",4,403.21
674,"Joshua Phillips","1,605.71",6,267.62
1,"Michelle Livingston","1,605.56",2,802.78
806,"Cheryl Watson","1,603.61",3,534.54
880,"Tonya Mcneil","1,602.98",3,534.33
159,"Donald Edwards","1,597.92",5,319.58
762,"Alexandra Williams","1,595.97",5,319.19
974,"Tiffany Crawford","1,593.82",3,531.27
607,"Hannah Martinez","1,590.57",2,795.29
961,"Sarah Carpenter","1,589.70",3,529.90
478,"Walter Hunt","1,583.56",3,527.85
765,"Daniel Brooks","1,582.61",2,791.31
216,"Richard Dean","1,582.38",2,791.19
679,"Mr. Austin Travis","1,581.18",4,395.30
813,"Michelle Ponce","1,578.44",3,526.15
217,"Rachel Larsen","1,576.25",3,525.42
976,"Mrs. Laura Little","1,571.29",2,785.65
811,"Tracey Miller","1,567.44",4,391.86
865,"James Drake","1,566.71",3,522.24
448,"Matthew Knapp","1,565.16",3,521.72
322,"Brian Barnett","1,562.59",3,520.86
212,"Melinda Heath","1,558.12",2,779.06
30,"Adam Newman","1,557.73",2,778.87
561,"Kimberly Moore","1,553.56",3,517.85
55,"Shannon Kelly","1,552.05",3,517.35
751,"Justin Lambert","1,546.89",3,515.63
591,"Lisa Howard","1,539.14",2,769.57
573,"Amber Obrien","1,534.67",2,767.34
632,"Kenneth Rocha","1,533.99",4,383.50
191,"Brian Ali","1,533.08",3,511.03
77,"Sherry Sanchez","1,532.30",4,383.08
467,"Sherry Lee","1,525.19",3,508.40
686,"Kristin Ramirez","1,519.99",3,506.66
601,"Teresa Lutz","1,517.49",2,758.75
1000,"David Sandoval","1,516.02",3,505.34
474,"Eric Haley","1,515.98",4,379.00
112,"Denise Schmidt","1,509.75",2,754.88
15,"Karen Murray","1,508.81",3,502.94
94,"Matthew Harmon","1,507.56",3,502.52
133,"Joyce Jones","1,505.57",2,752.79
779,"Cory King","1,505.10",2,752.55
911,"Kevin Morrison","1,503.78",2,751.89
830,"Harold Davis","1,501.25",3,500.42
914,"Michael Brennan","1,493.20",2,746.60
597,"Amy Figueroa","1,492.70",2,746.35
473,"Cassie Morris","1,487.73",4,371.93
915,"Maurice Sanders","1,483.08",2,741.54
921,"Brittany Smith","1,479.80",4,369.95
257,"Dennis Taylor","1,479.39",2,739.70
176,"James White","1,477.44",2,738.72
688,"Crystal Hubbard","1,474.69",2,737.35
430,"Lori Juarez","1,469.73",3,489.91
115,"Kathleen Murphy","1,461.52",4,365.38
256,"Stephen Thompson","1,461.27",4,365.32
520,"Carla Arnold","1,459.00",2,729.50
589,"Thomas Daniel","1,456.96",3,485.65
84,"Evan Riley","1,453.82",2,726.91
462,"Michael Mcguire","1,452.47",3,484.16
40,"Jackie Brooks","1,451.52",3,483.84
852,"Frank Poole","1,449.12",3,483.04
893,"Alvin Mendoza","1,448.57",2,724.29
31,"Jeanne Carpenter","1,437.72",2,718.86
904,"Shelly Allen","1,436.88",2,718.44
283,"Ronald Garcia","1,435.55",2,717.78
487,"Christine James","1,435.50",2,717.75
910,"Noah Collins","1,432.82",3,477.61
943,"Peter Miller","1,424.84",3,474.95
60,"Shirley Ware","1,421.80",3,473.93
167,"Rachel Smith","1,421.79",3,473.93
207,"Kristen Reynolds","1,419.42",3,473.14
83,"Ryan Nguyen","1,415.55",2,707.78
657,"Vanessa Douglas","1,413.26",3,471.09
857,"Stephanie Terry","1,404.68",2,702.34
17,"Amanda Ayers","1,403.27",3,467.76
54,"Claire Watson","1,403.03",3,467.68
853,"Mark Blankenship","1,402.00",2,701.00
704,"Shelley Smith","1,401.47",3,467.16
875,"Michael Garner","1,400.27",3,466.76
837,"Charles Lowe","1,399.48",2,699.74
65,"Victor Morales","1,394.59",2,697.30
417,"Brittany Cross","1,394.18",2,697.09
16,"Brian Hardy","1,392.45",2,696.23
628,"Stacey Elliott","1,389.26",2,694.63
409,"Glenn Mann MD","1,388.71",3,462.90
506,"Martin Young","1,386.87",2,693.44
697,"Christina May","1,383.72",2,691.86
284,"Alexandria Walker","1,382.62",2,691.31
556,"Jason Johnson","1,382.38",4,345.60
163,"Catherine Nelson","1,380.69",3,460.23
104,"Scott Henry","1,379.68",2,689.84
370,"Stephen Mccoy","1,379.37",2,689.69
605,"Andrew Knight","1,376.36",2,688.18
440,"Sarah Thomas","1,373.15",2,686.58
205,"Miranda Boyd","1,372.87",4,343.22
735,"Richard Smith","1,369.48",2,684.74
436,"Tiffany Frey","1,368.14",2,684.07
181,"Mrs. Monica Peters MD","1,365.12",3,455.04
380,"Kelly Rios","1,364.21",3,454.74
281,"Elizabeth Stephens","1,361.60",3,453.87
677,"Joanna Hunt","1,360.79",2,680.40
454,"Elizabeth Miller","1,360.38",2,680.19
367,"Lisa Travis","1,359.36",4,339.84
940,"Emily Pope","1,356.52",3,452.17
849,"Kimberly Smith","1,356.02",2,678.01
618,"Carolyn Bass","1,353.08",4,338.27
631,"Eric Malone","1,352.04",2,676.02
678,"Sean Johnson","1,347.82",2,673.91
418,"Justin Robinson","1,333.83",4,333.46
419,"Tina Rodriguez","1,328.79",2,664.40
721,"Victoria Johnson","1,327.42",2,663.71
942,"Kenneth Huang","1,326.12",2,663.06
393,"Rebecca Franklin","1,323.42",2,661.71
660,"Jack Summers","1,323.13",3,441.04
754,"Linda Hoffman","1,320.00",3,440.00
249,"Ms. Natasha Odonnell","1,319.40",3,439.80
729,"Gabriela Wilson","1,318.60",3,439.53
81,"Carrie Holmes","1,315.96",2,657.98
732,"Steven Rivera","1,313.92",2,656.96
42,"Rebecca Lewis","1,312.98",2,656.49
648,"Kristen Howard","1,310.52",3,436.84
95,"Walter Huang","1,310.41",2,655.21
166,"Denise Preston","1,309.60",5,261.92
247,"Jane Harris","1,308.15",3,436.05
629,"Dustin Foley","1,305.05",4,326.26
507,"Julia Chavez","1,303.72",2,651.86
709,"Linda Walton","1,295.16",2,647.58
105,"Derek Barnes","1,293.71",3,431.24
808,"Jessica Mcmahon","1,287.40",3,429.13
723,"Sandra Murray","1,284.61",3,428.20
780,"Ryan Miller","1,284.08",3,428.03
401,"Tyler Galvan","1,276.77",2,638.39
711,"Shawn Coffey","1,274.70",4,318.68
353,"Chad Lee","1,274.61",2,637.31
202,"Kathryn Walker","1,273.26",2,636.63
616,"Belinda Harper","1,272.54",4,318.14
152,"David Bowen","1,269.44",2,634.72
624,"Christian Barker","1,261.55",3,420.52
682,"Connie Robinson","1,255.33",2,627.67
442,"Mckenzie Torres","1,248.24",2,624.12
106,"Shawn Thompson","1,246.64",2,623.32
469,"Megan Anderson","1,246.41",2,623.21
463,"Benjamin Williams","1,246.15",2,623.08
731,"Cindy Johnson","1,246.09",3,415.36
663,"Alejandro Jones","1,243.88",2,621.94
161,"Derek Lambert PhD","1,239.41",3,413.14
523,"Juan Parker","1,239.20",2,619.60
965,"Samuel Davis","1,238.93",4,309.73
220,"Dennis Harris","1,233.15",2,616.58
557,"Larry Fleming","1,228.52",2,614.26
988,"Karen Hall","1,227.83",3,409.28
221,"Debra Dalton","1,227.17",2,613.59
307,"Shane Taylor","1,226.60",3,408.87
439,"Peter Sawyer","1,219.62",2,609.81
47,"Steven Hill","1,217.87",3,405.96
821,"Scott Moody","1,216.37",3,405.46
244,"Tom Gilbert","1,215.72",2,607.86
718,"Heather Franco","1,214.27",2,607.14
785,"Roberta Rubio","1,210.21",2,605.11
479,"Christopher Brown","1,209.51",3,403.17
739,"Steven Sanders","1,203.84",2,601.92
379,"Tracy Brewer","1,200.94",2,600.47
332,"Rachel Wheeler","1,199.59",2,599.80
137,"Maria Johnson","1,197.08",3,399.03
127,"Allen Torres","1,193.37",2,596.69
671,"Patrick Beck","1,186.24",2,593.12
488,"Elizabeth Thompson","1,186.04",2,593.02
173,"Sarah Cortez","1,185.34",3,395.11
756,"David Evans","1,180.59",2,590.30
508,"David Armstrong","1,180.49",3,393.50
299,"Judy Davis","1,176.78",2,588.39
377,"George Decker","1,172.10",2,586.05
160,"Thomas Bray","1,171.95",2,585.98
232,"Susan Williams","1,169.29",2,584.65
365,"Lauren Shepherd","1,167.56",2,583.78
526,"Heidi Mclaughlin","1,165.01",2,582.51
770,"Christopher Jones","1,158.44",2,579.22
19,"Joshua Farley","1,157.40",2,578.70
719,"William Perez","1,150.89",3,383.63
956,"Cynthia Cummings","1,150.08",2,575.04
969,"Sharon Shaffer","1,146.98",3,382.33
408,"Ashley Hayden","1,145.44",3,381.81
172,"Christina Miller","1,143.85",2,571.93
270,"Carol Jones","1,141.74",3,380.58
323,"Tammy Richardson","1,139.48",2,569.74
320,"William Williams","1,136.36",3,378.79
543,"Raymond Kaiser","1,127.75",2,563.88
87,"Mercedes Hernandez","1,127.45",2,563.73
376,"Stephanie Kirby","1,125.95",2,562.98
2,"Teresa Moon","1,124.32",2,562.16
400,"Chad Allen","1,121.92",3,373.97
385,"Donna Castillo","1,120.96",2,560.48
832,"Jennifer Cooper","1,120.69",3,373.56
51,"Robert Jones","1,118.93",2,559.47
932,"Jessica Jones","1,118.40",2,559.20
794,"Bailey Roberts","1,115.65",3,371.88
182,"Monique Miller","1,114.99",2,557.50
453,"Mr. Patrick Craig","1,114.50",3,371.50
841,"Teresa Reyes","1,108.41",2,554.21
428,"Jeffery Medina","1,100.55",3,366.85
329,"Andrew Lee","1,098.58",3,366.19
139,"Jeremy Rodriguez","1,097.00",3,365.67
123,"Amber Walton","1,096.59",3,365.53
923,"Erik Hickman","1,086.84",2,543.42
712,"Tyler Hodges PhD","1,086.14",2,543.07
730,"Jill Burns","1,085.17",2,542.59
815,"Steve Clark Jr.","1,081.25",2,540.63
490,"Dr. Jason Hamilton","1,079.60",2,539.80
275,"David Wilson","1,077.58",2,538.79
375,"Peter Nelson MD","1,077.46",2,538.73
774,"Todd Stevens","1,074.26",2,537.13
519,"Brett Coleman","1,073.14",2,536.57
640,"Dennis Christian","1,070.91",2,535.46
458,"Sarah Leonard","1,070.39",3,356.80
185,"Victoria Collins","1,066.04",2,533.02
987,"Julia Bowen","1,056.20",2,528.10
611,"Joseph Matthews","1,054.04",2,527.02
311,"Linda Campos","1,053.20",2,526.60
480,"Joshua Scott","1,048.02",2,524.01
797,"Stacy Smith","1,047.73",2,523.87
331,"Tiffany Johns","1,044.98",2,522.49
201,"Mr. Timothy Stewart","1,042.23",2,521.12
705,"Dr. Amber Gates MD","1,036.74",2,518.37
599,"James White","1,036.71",2,518.36
722,"James Richardson","1,031.48",2,515.74
592,"Christopher Berry","1,031.05",2,515.53
72,"Tamara Richards","1,026.54",2,513.27
659,"Jennifer Martinez","1,025.60",3,341.87
230,"Brian Hanson","1,021.80",3,340.60
233,"Sarah Bowers","1,021.54",2,510.77
56,"Chelsea Clarke","1,019.09",3,339.70
710,"Yvette Wheeler","1,017.48",2,508.74
279,"Michael Valenzuela","1,013.32",3,337.77
593,"Kelsey Hill","1,012.26",2,506.13
655,"Matthew Richards","1,011.84",3,337.28
113,"Jose Friedman","1,008.43",2,504.22
633,"Brandon Rojas","1,006.76",2,503.38
61,"Christopher Lucas","1,005.11",3,335.04
612,"William Daugherty","1,003.84",3,334.61
290,"Timothy Perez","1,000.03",2,500.02
